[
  {
    "Id": "1229401",
    "ThreadId": "540913",
    "Html": "Great idea.\r<br />\n<br />\nAny full unit test about it?\r<br />\n<br />\nI want:\r<br />\n<br />\nCreate Database (if not exists)\r<br />\n<br />\nCreate table using string var sql = &quot;CREATE TABLE ...&quot;;\r<br />\n<br />\nInsert data in table using string var sql = &quot;INSERT INTO TABLE ...&quot;;\r<br />\n<br />\nGet data using string var sql = &quot;SELECT * FROM TABLE WHERE ..&quot;; and fill my entities (any full sample about it ?)\r<br />\n<br />\nThanks.<br />\n",
    "PostedDate": "2014-04-02T04:16:28.73-07:00",
    "UserRole": null,
    "MarkedAsAnswerDate": null
  }
]