{
  "WorkItem": {
    "AffectedComponent": {
      "Name": "",
      "DisplayName": ""
    },
    "ClosedComment": "",
    "ClosedDate": null,
    "CommentCount": 0,
    "Custom": null,
    "Description": "Should probably be:\r\n\r\nSELECT name FROM sqlite_master WHERE type='table';\r\n\r\n```\r\npublic DataTable GetTableList()\r\n        {\r\n            DataTable dt = Select(\"SELECT name FROM sqlite_master WHERE type='table'\");\r\n            DataTable dt2 = new DataTable();\r\n            dt2.Columns.Add(\"Tables\");\r\n            for (int i = 0; i < dt.Rows.Count; i++)\r\n            {\r\n                string t = dt.Rows[i][\"name\"] + \"\";\r\n                if (t != \"sqlite_sequence\")\r\n                    dt2.Rows.Add(t);\r\n            }\r\n            return dt2;\r\n        }\r\n```",
    "LastUpdatedDate": "2014-06-21T05:44:54.67-07:00",
    "PlannedForRelease": "",
    "ReleaseVisibleToPublic": false,
    "Priority": {
      "Name": "Unassigned",
      "Severity": 0,
      "Id": 0
    },
    "ProjectName": "sh",
    "ReportedDate": "2014-06-21T05:40:33.243-07:00",
    "Status": {
      "Name": "Proposed",
      "Id": 1
    },
    "ReasonClosed": {
      "Name": "Unassigned"
    },
    "Summary": "GetTableList returns too many objects",
    "Type": {
      "Name": "Unassigned",
      "Id": 5
    },
    "VoteCount": 1,
    "Id": 1
  },
  "FileAttachments": [],
  "Comments": []
}