[
  {
    "Id": "0",
    "Name": "SQLiteHelper V1.1",
    "DevelopmentStatus": "Stable",
    "Description": "SQLiteHelper V 1.1\nAdd: Parameterized SQL Execution Support\nNew Method: Update Table's Structure\nNew Method: LastInsertRowId\nNew Method: GetTableList\nNew Method: ShowDatabase\nNew Method: AttachDatabase, DetachDatabase\nModify: ExecuteScalar applies generics.\nDemo App Updated",
    "ReleasedDatge": "0001-01-01T00:00:00",
    "ModifiedDate": "2014-03-22T01:04:22.937-07:00",
    "Files": [
      {
        "Id": "83c15e83-b07c-4cc3-820b-b63f2ea2d819",
        "FileName": "SQLiteHelperTestApp.zip",
        "Url": "./0/83c15e83-b07c-4cc3-820b-b63f2ea2d819",
        "Type": "Example",
        "UploadDate": "2014-03-22T01:04:22.467-07:00"
      },
      {
        "Id": "1f5b0eb8-0a71-4931-8c50-ad36b9475e33",
        "FileName": "SQLiteHelper.zip",
        "Url": "./0/1f5b0eb8-0a71-4931-8c50-ad36b9475e33",
        "Type": "Source Code",
        "UploadDate": "2014-03-22T01:04:22.623-07:00"
      }
    ]
  },
  {
    "Id": "1",
    "Name": "SQLiteHelper V1.2",
    "DevelopmentStatus": "Stable",
    "Description": "Change Log:\n\n+SQLiteHelper V1.2+\n- Added parameter support for \"Select\", \"Execute\" and \"ExecuteScalar\" methods.\n\n+SQLiteHelper V 1.1+\nAdd: Parameterized SQL Execution Support\nNew Method: Update Table's Structure\nNew Method: LastInsertRowId\nNew Method: GetTableList\nNew Method: ShowDatabase\nNew Method: AttachDatabase, DetachDatabase\nModify: ExecuteScalar applies generics.\nDemo App Updated",
    "ReleasedDatge": "0001-01-01T00:00:00",
    "ModifiedDate": "2014-03-27T01:29:37.15-07:00",
    "Files": [
      {
        "Id": "b5ca5d08-507f-4538-96b8-a86e3a560185",
        "FileName": "SQLiteHelperTestApp (Source) V1.2.zip",
        "Url": "./1/b5ca5d08-507f-4538-96b8-a86e3a560185",
        "Type": "Source Code",
        "UploadDate": "2014-03-27T01:29:36.773-07:00"
      },
      {
        "Id": "591edb07-44c5-43e0-97bd-cb47ca98966a",
        "FileName": "SQLiteHelper (Class Only) V1.2.zip",
        "Url": "./1/591edb07-44c5-43e0-97bd-cb47ca98966a",
        "Type": "Source Code",
        "UploadDate": "2014-03-27T01:29:36.93-07:00"
      }
    ]
  }
]